{"_via_settings":{"ui":{"annotation_editor_height":25,"annotation_editor_fontsize":0.8,"leftsidebar_width":18,"image_grid":{"img_height":80,"rshape_fill":"none","rshape_fill_opacity":0.3,"rshape_stroke":"yellow","rshape_stroke_width":2,"show_region_shape":true,"show_image_policy":"all"},"image":{"region_label":"__via_region_id__","region_color":"__via_default_region_color__","region_label_font":"10px Sans","on_image_annotation_editor_placement":"NEAR_REGION"}},"core":{"buffer_size":18,"filepath":{},"default_filepath":""},"project":{"name":"via_project_16Nov2023"}},"_via_img_metadata":{"1.jpg56111":{"filename":"1.jpg","size":56111,"regions":[{"shape_attributes":{"name":"rect","x":156,"y":81,"width":448,"height":432},"region_attributes":{}},{"shape_attributes":{"name":"rect","x":479,"y":86,"width":417,"height":392},"region_attributes":{}}],"file_attributes":{}},"2.jpg100991":{"filename":"2.jpg","size":100991,"regions":[{"shape_attributes":{"name":"rect","x":162,"y":136,"width":454,"height":252},"region_attributes":{}}],"file_attributes":{}},"3.jpg52691":{"filename":"3.jpg","size":52691,"regions":[{"shape_attributes":{"name":"rect","x":452,"y":198,"width":337,"height":394},"region_attributes":{}},{"shape_attributes":{"name":"rect","x":653,"y":99,"width":392,"height":501},"region_attributes":{}}],"file_attributes":{}},"6.jpg52579":{"filename":"6.jpg","size":52579,"regions":[{"shape_attributes":{"name":"rect","x":7,"y":44,"width":226,"height":322},"region_attributes":{}},{"shape_attributes":{"name":"rect","x":232,"y":55,"width":190,"height":307},"region_attributes":{}},{"shape_attributes":{"name":"rect","x":403,"y":53,"width":177,"height":339},"region_attributes":{}},{"shape_attributes":{"name":"rect","x":524,"y":70,"width":139,"height":296},"region_attributes":{}},{"shape_attributes":{"name":"rect","x":600,"y":74,"width":127,"height":267},"region_attributes":{}}],"file_attributes":{}},"7.jpg25775":{"filename":"7.jpg","size":25775,"regions":[{"shape_attributes":{"name":"rect","x":131,"y":86,"width":431,"height":278},"region_attributes":{}}],"file_attributes":{}},"4.jpg39919":{"filename":"4.jpg","size":39919,"regions":[{"shape_attributes":{"name":"rect","x":75,"y":180,"width":164,"height":213},"region_attributes":{}},{"shape_attributes":{"name":"rect","x":173,"y":79,"width":264,"height":311},"region_attributes":{}},{"shape_attributes":{"name":"rect","x":332,"y":8,"width":329,"height":383},"region_attributes":{}}],"file_attributes":{}},"9.jpg190578":{"filename":"9.jpg","size":190578,"regions":[{"shape_attributes":{"name":"rect","x":109,"y":81,"width":869,"height":643},"region_attributes":{}}],"file_attributes":{}},"10.jpg86994":{"filename":"10.jpg","size":86994,"regions":[{"shape_attributes":{"name":"rect","x":60,"y":42,"width":321,"height":298},"region_attributes":{}}],"file_attributes":{}},"11.jpg158366":{"filename":"11.jpg","size":158366,"regions":[{"shape_attributes":{"name":"rect","x":111,"y":101,"width":101,"height":191},"region_attributes":{}},{"shape_attributes":{"name":"rect","x":55,"y":163,"width":242,"height":247},"region_attributes":{}},{"shape_attributes":{"name":"rect","x":261,"y":191,"width":195,"height":158},"region_attributes":{}},{"shape_attributes":{"name":"rect","x":352,"y":174,"width":225,"height":237},"region_attributes":{}},{"shape_attributes":{"name":"rect","x":455,"y":129,"width":214,"height":217},"region_attributes":{}},{"shape_attributes":{"name":"rect","x":577,"y":176,"width":198,"height":219},"region_attributes":{}},{"shape_attributes":{"name":"rect","x":724,"y":119,"width":159,"height":211},"region_attributes":{}}],"file_attributes":{}},"13.jpg434355":{"filename":"13.jpg","size":434355,"regions":[{"shape_attributes":{"name":"rect","x":136,"y":31,"width":446,"height":528},"region_attributes":{}},{"shape_attributes":{"name":"rect","x":400,"y":370,"width":400,"height":380},"region_attributes":{}},{"shape_attributes":{"name":"rect","x":813,"y":2,"width":479,"height":505},"region_attributes":{}},{"shape_attributes":{"name":"rect","x":810,"y":327,"width":413,"height":321},"region_attributes":{}},{"shape_attributes":{"name":"rect","x":864,"y":511,"width":452,"height":563},"region_attributes":{}},{"shape_attributes":{"name":"rect","x":1434,"y":674,"width":378,"height":311},"region_attributes":{}},{"shape_attributes":{"name":"rect","x":1274,"y":407,"width":439,"height":568},"region_attributes":{}},{"shape_attributes":{"name":"rect","x":1141,"y":651,"width":234,"height":251},"region_attributes":{}},{"shape_attributes":{"name":"rect","x":1530,"y":531,"width":177,"height":116},"region_attributes":{}}],"file_attributes":{}},"15.jpg170562":{"filename":"15.jpg","size":170562,"regions":[{"shape_attributes":{"name":"rect","x":495,"y":240,"width":305,"height":405},"region_attributes":{}},{"shape_attributes":{"name":"rect","x":500,"y":105,"width":299,"height":157},"region_attributes":{}},{"shape_attributes":{"name":"rect","x":2,"y":107,"width":84,"height":423},"region_attributes":{}},{"shape_attributes":{"name":"rect","x":3,"y":173,"width":409,"height":266},"region_attributes":{}},{"shape_attributes":{"name":"rect","x":83,"y":130,"width":405,"height":225},"region_attributes":{}},{"shape_attributes":{"name":"rect","x":55,"y":49,"width":317,"height":93},"region_attributes":{}},{"shape_attributes":{"name":"rect","x":295,"y":4,"width":100,"height":131},"region_attributes":{}}],"file_attributes":{}},"16.jpg23205":{"filename":"16.jpg","size":23205,"regions":[{"shape_attributes":{"name":"rect","x":38,"y":145,"width":61,"height":39},"region_attributes":{}},{"shape_attributes":{"name":"rect","x":154,"y":174,"width":60,"height":28},"region_attributes":{}},{"shape_attributes":{"name":"rect","x":279,"y":186,"width":63,"height":37},"region_attributes":{}},{"shape_attributes":{"name":"rect","x":352,"y":196,"width":60,"height":26},"region_attributes":{}},{"shape_attributes":{"name":"rect","x":352,"y":143,"width":71,"height":31},"region_attributes":{}},{"shape_attributes":{"name":"rect","x":402,"y":98,"width":65,"height":37},"region_attributes":{}},{"shape_attributes":{"name":"rect","x":279,"y":121,"width":62,"height":22},"region_attributes":{}},{"shape_attributes":{"name":"rect","x":302,"y":79,"width":60,"height":43},"region_attributes":{}},{"shape_attributes":{"name":"rect","x":352,"y":74,"width":64,"height":35},"region_attributes":{}}],"file_attributes":{}},"17.jpg30779":{"filename":"17.jpg","size":30779,"regions":[{"shape_attributes":{"name":"rect","x":145,"y":274,"width":108,"height":52},"region_attributes":{}},{"shape_attributes":{"name":"rect","x":152,"y":306,"width":82,"height":38},"region_attributes":{}},{"shape_attributes":{"name":"rect","x":203,"y":231,"width":118,"height":58},"region_attributes":{}},{"shape_attributes":{"name":"rect","x":186,"y":228,"width":101,"height":44},"region_attributes":{}},{"shape_attributes":{"name":"rect","x":149,"y":181,"width":103,"height":48},"region_attributes":{}},{"shape_attributes":{"name":"rect","x":135,"y":106,"width":100,"height":81},"region_attributes":{}},{"shape_attributes":{"name":"rect","x":33,"y":39,"width":82,"height":70},"region_attributes":{}},{"shape_attributes":{"name":"rect","x":52,"y":92,"width":66,"height":32},"region_attributes":{}},{"shape_attributes":{"name":"rect","x":96,"y":24,"width":107,"height":88},"region_attributes":{}},{"shape_attributes":{"name":"rect","x":131,"y":50,"width":59,"height":39},"region_attributes":{}},{"shape_attributes":{"name":"rect","x":144,"y":85,"width":68,"height":30},"region_attributes":{}}],"file_attributes":{}},"18.jpg158366":{"filename":"18.jpg","size":158366,"regions":[{"shape_attributes":{"name":"rect","x":2,"y":0,"width":155,"height":50},"region_attributes":{}},{"shape_attributes":{"name":"rect","x":112,"y":92,"width":102,"height":203},"region_attributes":{}},{"shape_attributes":{"name":"rect","x":54,"y":164,"width":244,"height":246},"region_attributes":{}},{"shape_attributes":{"name":"rect","x":261,"y":192,"width":196,"height":158},"region_attributes":{}},{"shape_attributes":{"name":"rect","x":351,"y":175,"width":226,"height":236},"region_attributes":{}},{"shape_attributes":{"name":"rect","x":455,"y":129,"width":214,"height":214},"region_attributes":{}},{"shape_attributes":{"name":"rect","x":578,"y":178,"width":181,"height":218},"region_attributes":{}},{"shape_attributes":{"name":"rect","x":722,"y":209,"width":77,"height":121},"region_attributes":{}}],"file_attributes":{}},"19.jpg129406":{"filename":"19.jpg","size":129406,"regions":[{"shape_attributes":{"name":"rect","x":10,"y":26,"width":77,"height":99},"region_attributes":{}},{"shape_attributes":{"name":"rect","x":181,"y":0,"width":46,"height":55},"region_attributes":{}},{"shape_attributes":{"name":"rect","x":140,"y":38,"width":56,"height":96},"region_attributes":{}},{"shape_attributes":{"name":"rect","x":254,"y":0,"width":54,"height":100},"region_attributes":{}},{"shape_attributes":{"name":"rect","x":356,"y":1,"width":60,"height":40},"region_attributes":{}},{"shape_attributes":{"name":"rect","x":437,"y":0,"width":60,"height":59},"region_attributes":{}},{"shape_attributes":{"name":"rect","x":585,"y":0,"width":15,"height":55},"region_attributes":{}},{"shape_attributes":{"name":"rect","x":522,"y":56,"width":77,"height":85},"region_attributes":{}},{"shape_attributes":{"name":"rect","x":461,"y":0,"width":63,"height":104},"region_attributes":{}},{"shape_attributes":{"name":"rect","x":376,"y":4,"width":77,"height":70},"region_attributes":{}},{"shape_attributes":{"name":"rect","x":332,"y":22,"width":106,"height":126},"region_attributes":{}},{"shape_attributes":{"name":"rect","x":226,"y":102,"width":72,"height":47},"region_attributes":{}},{"shape_attributes":{"name":"rect","x":15,"y":120,"width":76,"height":90},"region_attributes":{}},{"shape_attributes":{"name":"rect","x":139,"y":108,"width":160,"height":118},"region_attributes":{}},{"shape_attributes":{"name":"rect","x":419,"y":122,"width":64,"height":82},"region_attributes":{}},{"shape_attributes":{"name":"rect","x":1,"y":153,"width":133,"height":118},"region_attributes":{}},{"shape_attributes":{"name":"rect","x":16,"y":223,"width":66,"height":112},"region_attributes":{}},{"shape_attributes":{"name":"rect","x":0,"y":278,"width":66,"height":159},"region_attributes":{}},{"shape_attributes":{"name":"rect","x":116,"y":185,"width":109,"height":174},"region_attributes":{}},{"shape_attributes":{"name":"rect","x":90,"y":177,"width":122,"height":107},"region_attributes":{}},{"shape_attributes":{"name":"rect","x":155,"y":270,"width":116,"height":177},"region_attributes":{}},{"shape_attributes":{"name":"rect","x":200,"y":240,"width":172,"height":137},"region_attributes":{}},{"shape_attributes":{"name":"rect","x":234,"y":158,"width":160,"height":111},"region_attributes":{}},{"shape_attributes":{"name":"rect","x":393,"y":144,"width":150,"height":152},"region_attributes":{}},{"shape_attributes":{"name":"rect","x":259,"y":418,"width":53,"height":30},"region_attributes":{}},{"shape_attributes":{"name":"rect","x":312,"y":262,"width":136,"height":185},"region_attributes":{}},{"shape_attributes":{"name":"rect","x":438,"y":200,"width":122,"height":170},"region_attributes":{}},{"shape_attributes":{"name":"rect","x":546,"y":237,"width":54,"height":92},"region_attributes":{}},{"shape_attributes":{"name":"rect","x":461,"y":261,"width":137,"height":186},"region_attributes":{}}],"file_attributes":{}}},"_via_attributes":{"region":{},"file":{}},"_via_data_format_version":"2.0.10","_via_image_id_list":["1.jpg56111","2.jpg100991","3.jpg52691","6.jpg52579","7.jpg25775","4.jpg39919","9.jpg190578","10.jpg86994","11.jpg158366","13.jpg434355","15.jpg170562","16.jpg23205","17.jpg30779","18.jpg158366","19.jpg129406"]}